ben1,ben@gmail.com,2
ben2,ben@yahoo.com,2
ben3,ben@hotmail.com,2
ben4,ben@hotmail.com.,2
ben5,benhotmail.com,2
ben6,ben@microsoft.com,2
ben7,ben@hotmail.co.m,2
ben8,ben@hotmail.c.o.m,2
ben9,ben@,2
ben10,ben@hotmail.com,2
ben11,ben@hotmail.com,2
ben12,ben@microsoft.com,2
ben13,ben@gmail.com,2
ben14,ben@yahoo.com,2
ben15,ben@adams,2
ben16,ben@hotmail,2
ben17,ben@microsoft,2
ben18,ben@hotmail.com,2
ben19,ben@hotmail.com,2
ben20,ben@microsoft.com,2
ben21,ben@gmail.com,2
ben22,ben@gmail.com,2
ben23,ben@iitrpr.ac.in,2
ben24,ben@gov.in,2
ben25,ben@hotmail.com,2
ben26,ben@hotmail.com,2
ben27,ben@gmail.com,2
ben28,ben@gmail.com,2
ben29,ben@yahoo.com,2
ben30,ben@microsoft.com,2
ben31,ben@outlook.com,2
ben32,ben@outlook.com,2
ben33,ben@microsoft.com,2
ben34,ben@outllok.com,2
ben35,ben@gmail.com,2
ben36,ben@microsoft.com,2
ben37,ben@yahoo.com,2
ben38,ben@outllok.com,2
ben39,ben@ms.com,2
ben40,ben@hotmail.com,2

